id,name,email
1,Alice Johnson,alice.johnson@example.com
2,Bob Smith,bob.smith@example.com
3,Carol Williams,carol.williams@example.com
4,Daniel Brown,daniel.brown@example.com
5,Emma Davis,emma.davis@example.com
6,Frank Miller,frank.miller@example.com
7,Grace Wilson,grace.wilson@example.com
8,Henry Moore,henry.moore@example.com
9,Iris Taylor,iris.taylor@example.com
10,Jack Anderson,jack.anderson@example.com
11,Karen Thomas,karen.thomas@example.com
12,Leo Jackson,leo.jackson@example.com
13,Mara White,mara.white@example.com
14,Nathan Harris,nathan.harris@example.com
15,Olivia Martin,olivia.martin@example.com
16,Paul Thompson,paul.thompson@example.com
17,Quinn Garcia,quinn.garcia@example.com
18,Rachel Martinez,rachel.martinez@example.com
19,Samuel Robinson,samuel.robinson@example.com
20,Tina Clark,tina.clark@example.com
21,Ulysses Rodriguez,ulysses.rodriguez@example.com
22,Victoria Lewis,victoria.lewis@example.com
23,William Lee,william.lee@example.com
24,Xena Walker,xena.walker@example.com
25,Yara Hall,yara.hall@example.com
26,Zoe Allen,zoe.allen@example.com
27,Aaron Young,aaron.young@example.com
28,Bella Hernandez,bella.hernandez@example.com
29,Charles King,charles.king@example.com
30,Diana Wright,diana.wright@example.com
31,Ethan Lopez,ethan.lopez@example.com
32,Fiona Gonzalez,fiona.gonzalez@example.com
33,George Nelson,george.nelson@example.com
34,Hannah Carter,hannah.carter@example.com
35,Isaac Staples,isaac.staples@example.com
36,Jasmine Edwards,jasmine.edwards@example.com
37,Kevin Collins,kevin.collins@example.com
38,Lily Stewart,lily.stewart@example.com
39,Marcus Sanchez,marcus.sanchez@example.com
40,Nora Morris,nora.morris@example.com
41,Oscar Rogers,oscar.rogers@example.com
42,Piper Morgan,piper.morgan@example.com
43,Quincy Peterson,quincy.peterson@example.com
44,Ruby Gray,ruby.gray@example.com
45,Simon Ramirez,simon.ramirez@example.com
46,Tessa James,tessa.james@example.com
47,Ulrich Watson,ulrich.watson@example.com
48,Vera Brooks,vera.brooks@example.com
49,Wesley Chavez,wesley.chavez@example.com
50,Xander Wood,xander.wood@example.com
51,Yasmine Benson,yasmine.benson@example.com
52,Zachary Campbell,zachary.campbell@example.com
53,Amelia Parker,amelia.parker@example.com
54,Benjamin Evans,benjamin.evans@example.com
55,Chloe Edwards,chloe.edwards@example.com
56,David Collins,david.collins@example.com
57,Eleanor Reeves,eleanor.reeves@example.com
58,Felix Morris,felix.morris@example.com
59,Genevieve Rogers,genevieve.rogers@example.com
60,Hartley Morgan,hartley.morgan@example.com
61,Iris Peterson,iris.peterson@example.com
62,Jericho Gray,jericho.gray@example.com
63,Khalil Ramirez,khalil.ramirez@example.com
64,Lucinda James,lucinda.james@example.com
65,Magnus Watson,magnus.watson@example.com
66,Natasha Brooks,natasha.brooks@example.com
67,Orlando Chavez,orlando.chavez@example.com
68,Penelope Wood,penelope.wood@example.com
69,Quinton Benson,quinton.benson@example.com
70,Rosalind Campbell,rosalind.campbell@example.com
71,Silas Parker,silas.parker@example.com
72,Tamara Evans,tamara.evans@example.com
73,Ulysses Edwards,ulysses.edwards@example.com
74,Valerie Collins,valerie.collins@example.com
75,Walter Reeves,walter.reeves@example.com
76,Xiomara Morris,xiomara.morris@example.com
77,Yarrow Rogers,yarrow.rogers@example.com
78,Zechariah Morgan,zechariah.morgan@example.com
79,Adelaide Peterson,adelaide.peterson@example.com
80,Barnaby Gray,barnaby.gray@example.com
81,Cassandra Ramirez,cassandra.ramirez@example.com
82,Dashiell James,dashiell.james@example.com
83,Evangeline Watson,evangeline.watson@example.com
84,Fitzgerald Brooks,fitzgerald.brooks@example.com
85,Gwendolyn Chavez,gwendolyn.chavez@example.com
86,Hector Wood,hector.wood@example.com
87,Iris Benson,iris.benson@example.com
88,Jasper Campbell,jasper.campbell@example.com
89,Keturah Parker,keturah.parker@example.com
90,Lavinia Evans,lavinia.evans@example.com
91,Matthias Edwards,matthias.edwards@example.com
92,Nathaniel Collins,nathaniel.collins@example.com
93,Ophelia Reeves,ophelia.reeves@example.com
94,Percival Morris,percival.morris@example.com
95,Quincy Rogers,quincy.rogers@example.com
96,Rosamund Morgan,rosamund.morgan@example.com
97,Solomon Peterson,solomon.peterson@example.com
98,Theodora Gray,theodora.gray@example.com
99,Ulysses Ramirez,ulysses.ramirez@example.com
100,Valentina James,valentina.james@example.com